INSERT INTO `tpgrupo30`.`usuario` (`id_usuario`, `clave`, `created_at`, `nombre`) VALUES ('1', '$2a$10$ktsPENUCjNVFk41MWhqPzet7OP7tPCwbRoM/BSn6VnsnwbVmRqZAm', '2024-05-01 12:00:00.000000', 'user');
INSERT INTO `tpgrupo30`.`usuario` (`id_usuario`, `clave`, `created_at`, `nombre`) VALUES ('2', '$2a$10$glgH62ezxxM08N3HsMy5X.WVnN3C8V2lPy1LckQL7dhCMg0T3MPsS', '2024-05-01 12:00:00.000000', 'admin');
INSERT INTO `tpgrupo30`.`usuario_roles` (`id`, `createdat`, `rol`, `updatedat`, `id_user`) VALUES ('1', '2024-05-01 12:00:00.000000', 'ROLE_USER', '2024-05-01 12:00:00.000000', '1');
INSERT INTO `tpgrupo30`.`usuario_roles` (`id`, `createdat`, `rol`, `updatedat`, `id_user`) VALUES ('2', '2024-05-01 12:00:00.000000', 'ROLE_ADMIN', '2024-05-01 12:00:00.000000', '2');
INSERT INTO `tpgrupo30`.`producto` (`id_producto`, `cantidad_en_stock`, `codigo`, `costo`, `descripcion`, `nombre`, `precio_venta`,`cantidad_minima`) VALUES ('1', '15', '000001', '500', 'Zapas', 'Zapatilla Nike', '1000','5');
INSERT INTO `tpgrupo30`.`producto` (`id_producto`, `cantidad_en_stock`, `codigo`, `costo`, `descripcion`, `nombre`, `precio_venta`,`cantidad_minima`) VALUES ('2', '4', '000002', '400', 'Zapas', 'Zapatilla Adidas', '800','10');
INSERT INTO `tpgrupo30`.`producto` (`id_producto`, `cantidad_en_stock`, `codigo`, `costo`, `descripcion`, `nombre`, `precio_venta`,`cantidad_minima`) VALUES ('3', '8', '000003', '500', 'Zapas', 'Zapatilla Fila', '1000','8');
INSERT INTO `tpgrupo30`.`producto` (`id_producto`, `cantidad_en_stock`, `codigo`, `costo`, `descripcion`, `nombre`, `precio_venta`,`cantidad_minima`) VALUES ('4', '20', '000004', '550', 'Zapas', 'Zapatilla Puma', '1050','10');
INSERT INTO `tpgrupo30`.`producto` (`id_producto`, `cantidad_en_stock`, `codigo`, `costo`, `descripcion`, `nombre`, `precio_venta`,`cantidad_minima`) VALUES ('5', '6', '000005', '200', 'Zapas', 'Zapatilla Topper', '400','5');
INSERT INTO `tpgrupo30`.`producto` (`id_producto`, `cantidad_en_stock`, `codigo`, `costo`, `descripcion`, `nombre`, `precio_venta`,`cantidad_minima`) VALUES ('6', '0', '000006', '350', 'Zapas', 'Zapatilla Gaelle', '700','6');
INSERT INTO `tpgrupo30`.`lote` (`id_lote`, `cantidad`, `fecha_ingreso`, `precio_compra`, `proveedor`, `id_producto`) VALUES ('1', '5', '2024-04-01', '2500', 'Nike', '1');
INSERT INTO `tpgrupo30`.`lote` (`id_lote`, `cantidad`, `fecha_ingreso`, `precio_compra`, `proveedor`, `id_producto`) VALUES ('2', '5', '2024-04-07', '2500', 'Nike', '1');
INSERT INTO `tpgrupo30`.`lote` (`id_lote`, `cantidad`, `fecha_ingreso`, `precio_compra`, `proveedor`, `id_producto`) VALUES ('3', '10', '2024-04-08', '5000', 'Nike', '1');
INSERT INTO `tpgrupo30`.`lote` (`id_lote`, `cantidad`, `fecha_ingreso`, `precio_compra`, `proveedor`, `id_producto`) VALUES ('4', '5', '2024-05-07', '2500', 'Nike', '1');
INSERT INTO `tpgrupo30`.`lote` (`id_lote`, `cantidad`, `fecha_ingreso`, `precio_compra`, `proveedor`, `id_producto`) VALUES ('5', '10', '2024-04-04', '4000', 'Adidas', '2');
INSERT INTO `tpgrupo30`.`lote` (`id_lote`, `cantidad`, `fecha_ingreso`, `precio_compra`, `proveedor`, `id_producto`) VALUES ('6', '4', '2024-04-08', '1600', 'Adidas', '2');
INSERT INTO `tpgrupo30`.`lote` (`id_lote`, `cantidad`, `fecha_ingreso`, `precio_compra`, `proveedor`, `id_producto`) VALUES ('7', '8', '2024-05-10', '3200', 'Adidas', '2');
INSERT INTO `tpgrupo30`.`lote` (`id_lote`, `cantidad`, `fecha_ingreso`, `precio_compra`, `proveedor`, `id_producto`) VALUES ('8', '10', '2024-06-01', '4000', 'Adidas', '2');
INSERT INTO `tpgrupo30`.`lote` (`id_lote`, `cantidad`, `fecha_ingreso`, `precio_compra`, `proveedor`, `id_producto`) VALUES ('9', '10', '2024-05-01', '5000', 'Fila', '3');
INSERT INTO `tpgrupo30`.`lote` (`id_lote`, `cantidad`, `fecha_ingreso`, `precio_compra`, `proveedor`, `id_producto`) VALUES ('10', '5', '2024-05-14', '2500', 'Fila', '3');
INSERT INTO `tpgrupo30`.`lote` (`id_lote`, `cantidad`, `fecha_ingreso`, `precio_compra`, `proveedor`, `id_producto`) VALUES ('11', '2', '2024-06-01', '1000', 'Fila', '3');
INSERT INTO `tpgrupo30`.`lote` (`id_lote`, `cantidad`, `fecha_ingreso`, `precio_compra`, `proveedor`, `id_producto`) VALUES ('12', '8', '2024-07-02', '4000', 'Fila', '3');
INSERT INTO `tpgrupo30`.`lote` (`id_lote`, `cantidad`, `fecha_ingreso`, `precio_compra`, `proveedor`, `id_producto`) VALUES ('13', '5', '2024-04-01', '2750', 'Puma', '4');
INSERT INTO `tpgrupo30`.`lote` (`id_lote`, `cantidad`, `fecha_ingreso`, `precio_compra`, `proveedor`, `id_producto`) VALUES ('14', '8', '2024-05-23', '4400', 'Puma', '4');
INSERT INTO `tpgrupo30`.`lote` (`id_lote`, `cantidad`, `fecha_ingreso`, `precio_compra`, `proveedor`, `id_producto`) VALUES ('15', '5', '2024-05-30', '2750', 'Puma', '4');
INSERT INTO `tpgrupo30`.`lote` (`id_lote`, `cantidad`, `fecha_ingreso`, `precio_compra`, `proveedor`, `id_producto`) VALUES ('16', '10', '2024-06-07', '5500', 'Puma', '4');
INSERT INTO `tpgrupo30`.`lote` (`id_lote`, `cantidad`, `fecha_ingreso`, `precio_compra`, `proveedor`, `id_producto`) VALUES ('17', '10', '2024-04-21', '2000', 'Topper', '5');
INSERT INTO `tpgrupo30`.`lote` (`id_lote`, `cantidad`, `fecha_ingreso`, `precio_compra`, `proveedor`, `id_producto`) VALUES ('18', '20', '2024-05-01', '4000', 'Topper', '5');
INSERT INTO `tpgrupo30`.`lote` (`id_lote`, `cantidad`, `fecha_ingreso`, `precio_compra`, `proveedor`, `id_producto`) VALUES ('19', '5', '2024-05-14', '1000', 'Topper', '5');
INSERT INTO `tpgrupo30`.`lote` (`id_lote`, `cantidad`, `fecha_ingreso`, `precio_compra`, `proveedor`, `id_producto`) VALUES ('20', '15', '2024-06-07', '3000', 'Topper', '5');
INSERT INTO `tpgrupo30`.`lote` (`id_lote`, `cantidad`, `fecha_ingreso`, `precio_compra`, `proveedor`, `id_producto`) VALUES ('21', '5', '2024-05-02', '1750', 'Gaelle', '6');
INSERT INTO `tpgrupo30`.`lote` (`id_lote`, `cantidad`, `fecha_ingreso`, `precio_compra`, `proveedor`, `id_producto`) VALUES ('22', '10', '2024-06-07', '3500', 'Gaelle', '6');
INSERT INTO `tpgrupo30`.`lote` (`id_lote`, `cantidad`, `fecha_ingreso`, `precio_compra`, `proveedor`, `id_producto`) VALUES ('23', '5', '2024-06-21', '1750', 'Gaelle', '6');
INSERT INTO `tpgrupo30`.`lote` (`id_lote`, `cantidad`, `fecha_ingreso`, `precio_compra`, `proveedor`, `id_producto`) VALUES ('24', '2', '2024-07-07', '700', 'Gaelle', '6');
INSERT INTO `tpgrupo30`.`compra` (`id_compra`, `cantidad`, `fecha_compra`, `id_producto`) VALUES ('1', '5', '2024-04-02', '1');
INSERT INTO `tpgrupo30`.`compra` (`id_compra`, `cantidad`, `fecha_compra`, `id_producto`) VALUES ('2', '10', '2024-04-04', '1');
INSERT INTO `tpgrupo30`.`compra` (`id_compra`, `cantidad`, `fecha_compra`, `id_producto`) VALUES ('3', '2', '2024-04-07', '1');
INSERT INTO `tpgrupo30`.`compra` (`id_compra`, `cantidad`, `fecha_compra`, `id_producto`) VALUES ('4', '4', '2024-05-21', '1');
INSERT INTO `tpgrupo30`.`compra` (`id_compra`, `cantidad`, `fecha_compra`, `id_producto`) VALUES ('5', '3', '2024-06-01', '1');
INSERT INTO `tpgrupo30`.`compra` (`id_compra`, `cantidad`, `fecha_compra`, `id_producto`) VALUES ('6', '1', '2024-06-14', '1');
INSERT INTO `tpgrupo30`.`compra` (`id_compra`, `cantidad`, `fecha_compra`, `id_producto`) VALUES ('7', '1', '2024-04-14', '2');
INSERT INTO `tpgrupo30`.`compra` (`id_compra`, `cantidad`, `fecha_compra`, `id_producto`) VALUES ('8', '4', '2024-05-02', '2');
INSERT INTO `tpgrupo30`.`compra` (`id_compra`, `cantidad`, `fecha_compra`, `id_producto`) VALUES ('9', '2', '2024-06-01', '2');
INSERT INTO `tpgrupo30`.`compra` (`id_compra`, `cantidad`, `fecha_compra`, `id_producto`) VALUES ('10', '2', '2024-04-12', '3');
INSERT INTO `tpgrupo30`.`compra` (`id_compra`, `cantidad`, `fecha_compra`, `id_producto`) VALUES ('11', '6', '2024-05-01', '3');
INSERT INTO `tpgrupo30`.`compra` (`id_compra`, `cantidad`, `fecha_compra`, `id_producto`) VALUES ('12', '4', '2024-06-23', '3');
INSERT INTO `tpgrupo30`.`compra` (`id_compra`, `cantidad`, `fecha_compra`, `id_producto`) VALUES ('13', '10', '2024-07-02', '3');
INSERT INTO `tpgrupo30`.`compra` (`id_compra`, `cantidad`, `fecha_compra`, `id_producto`) VALUES ('14', '2', '2024-07-02', '4');
INSERT INTO `tpgrupo30`.`compra` (`id_compra`, `cantidad`, `fecha_compra`, `id_producto`) VALUES ('15', '10', '2024-07-17', '4');
INSERT INTO `tpgrupo30`.`compra` (`id_compra`, `cantidad`, `fecha_compra`, `id_producto`) VALUES ('16', '10', '2024-04-01', '5');
INSERT INTO `tpgrupo30`.`compra` (`id_compra`, `cantidad`, `fecha_compra`, `id_producto`) VALUES ('17', '8', '2024-04-03', '5');
INSERT INTO `tpgrupo30`.`compra` (`id_compra`, `cantidad`, `fecha_compra`, `id_producto`) VALUES ('18', '21', '2024-05-13', '5');
INSERT INTO `tpgrupo30`.`compra` (`id_compra`, `cantidad`, `fecha_compra`, `id_producto`) VALUES ('19', '4', '2024-05-16', '5');
INSERT INTO `tpgrupo30`.`compra` (`id_compra`, `cantidad`, `fecha_compra`, `id_producto`) VALUES ('20', '8', '2024-06-11', '5');
INSERT INTO `tpgrupo30`.`compra` (`id_compra`, `cantidad`, `fecha_compra`, `id_producto`) VALUES ('21', '5', '2024-06-14', '5');
INSERT INTO `tpgrupo30`.`compra` (`id_compra`, `cantidad`, `fecha_compra`, `id_producto`) VALUES ('22', '7', '2024-06-15', '5');
INSERT INTO `tpgrupo30`.`compra` (`id_compra`, `cantidad`, `fecha_compra`, `id_producto`) VALUES ('23', '2', '2024-06-20', '5');
INSERT INTO `tpgrupo30`.`compra` (`id_compra`, `cantidad`, `fecha_compra`, `id_producto`) VALUES ('24', '10', '2024-07-01', '5');
INSERT INTO `tpgrupo30`.`compra` (`id_compra`, `cantidad`, `fecha_compra`, `id_producto`) VALUES ('25', '5', '2024-07-07', '5');
INSERT INTO `tpgrupo30`.`compra` (`id_compra`, `cantidad`, `fecha_compra`, `id_producto`) VALUES ('26', '1', '2024-05-07', '6');
INSERT INTO `tpgrupo30`.`compra` (`id_compra`, `cantidad`, `fecha_compra`, `id_producto`) VALUES ('27', '3', '2024-05-12', '6');
INSERT INTO `tpgrupo30`.`compra` (`id_compra`, `cantidad`, `fecha_compra`, `id_producto`) VALUES ('28', '2', '2024-05-21', '6');
INSERT INTO `tpgrupo30`.`compra` (`id_compra`, `cantidad`, `fecha_compra`, `id_producto`) VALUES ('29', '1', '2024-06-01', '6');
INSERT INTO `tpgrupo30`.`compra` (`id_compra`, `cantidad`, `fecha_compra`, `id_producto`) VALUES ('30', '3', '2024-06-06', '6');